{
  "defaultSeverity": "warning",
  "extends": ["tslint:recommended"],
  "linterOptions": {
    "exclude": ["node_modules/**", "src/locales/*.json"]
  },
  "rules": {
    "indent": [true, "tab", 1],
    "interface-name": false,
    "no-consecutive-blank-lines": false,
    "object-literal-sort-keys": false,
    "ordered-imports": false,
    "quotemark": [true, "single"],
    "no-console": false,
    "no-trailing-whitespace": false,
    "max-classes-per-file": [true, 2],
    "no-string-literal": false,
    "no-unused-expression": [true, "allow-fast-null-checks"],
    "no-empty-interface": false
  }
}
